route,url,render,meta_source,title,title_len,description,desc_len,h1_count,canonical,indexable,in_sitemap,sitemap_noindex_conflict,og_present,twitter_present,schema_types,word_count,faq_count,inbound_internal_links,outbound_related_links
/sign-in/[[...sign-in]],https://www.editpdfai.com/sign-in/[[...sign-in]],Static,none,,0,,0,unknown,,NO,NO,NO,NO,NO,,,,,
/sign-up/[[...sign-up]],https://www.editpdfai.com/sign-up/[[...sign-up]],Static,none,,0,,0,unknown,,NO,NO,NO,NO,NO,,,,,
/about,https://www.editpdfai.com/about,Static,page.tsx (inline),About EditPDF AI – Our Story and Privacy Approach,49,"EditPDF AI is an independent PDF tool suite built in Australia. Learn who we are, how your files are handled, and why we keep 50+ tools permanently free.",153,1,https://www.editpdfai.com/about,YES,YES,NO,YES,YES,ContactPoint;Organization,,,,
/add-page-numbers,https://www.editpdfai.com/add-page-numbers,Static,layout.tsx,Add Page Numbers to PDF Online Free — Number PDF Pages,54,"Add page numbers to PDFs online for free. Choose the position, font, size, starting number and page range. No installation or signup required.",142,1,https://www.editpdfai.com/add-page-numbers,YES,YES,NO,YES,YES,Offer;WebApplication,414,5,1,5
/ai-pdf-form-filler,https://www.editpdfai.com/ai-pdf-form-filler,Static,layout.tsx,AI PDF Form Filler — Autofill PDF Forms Online,46,"Autofill W-9s, applications and scanned PDF forms with AI. Review, sign and download online. A free account includes five daily AI uses.",136,1,https://www.editpdfai.com/ai-pdf-form-filler,YES,YES,NO,YES,YES,Answer;BreadcrumbList;FAQPage;HowTo;HowToStep;HowToTool;ListItem;Offer;Organization;Question;WebApplication;WebPage,468,5,3,5
/cancel,https://www.editpdfai.com/cancel,Static,layout.tsx,Payment Cancelled — EditPDF AI,30,,0,1,,NO,NO,NO,NO,NO,,,,,
/chat-with-pdf,https://www.editpdfai.com/chat-with-pdf,Static,layout.tsx,Chat with PDF Online - AI Answers with Page Citations,53,"Ask questions about any PDF and get grounded AI answers with verified quotes and page citations. Local text extraction, five free AI questions daily.",149,1,https://www.editpdfai.com/chat-with-pdf,YES,YES,NO,YES,YES,,455,6,2,4
/checkout/confirm,https://www.editpdfai.com/checkout/confirm,Static,layout.tsx,Confirming Payment — EditPDF AI,31,,0,1,,NO,NO,NO,NO,NO,,,,,
/checkout,https://www.editpdfai.com/checkout,Static,layout.tsx,Checkout — EditPDF AI,21,,0,1,,NO,NO,NO,NO,NO,,,,,
/contact,https://www.editpdfai.com/contact,Static,layout.tsx,Contact Us | EditPDF AI,23,"Get in touch with the EditPDF AI team. We're here to help with questions about our PDF tools, billing, or feedback.",115,1,https://www.editpdfai.com/contact,YES,YES,NO,YES,YES,ContactPage;ContactPoint;Organization,,,,
/dashboard,https://www.editpdfai.com/dashboard,Static,layout.tsx,Dashboard — EditPDF AI,22,,0,1,,NO,NO,NO,NO,NO,,,,,
/delete-pages,https://www.editpdfai.com/delete-pages,Static,layout.tsx,Delete PDF Pages Online Free — Remove Pages from PDF,52,"Delete pages from a PDF online for free. Remove individual pages or a page range, then download the cleaned PDF instantly. No signup required.",142,1,https://www.editpdfai.com/delete-pages,YES,YES,NO,YES,YES,Offer;WebApplication,392,5,3,4
/excel-to-pdf,https://www.editpdfai.com/excel-to-pdf,Static,layout.tsx,Excel to PDF Converter Online Free — XLSX to PDF,48,Convert Excel spreadsheets to PDF online for free. Upload XLSX or XLS files and download a perfectly formatted PDF. Preserves tables and data. No signup.,153,1,https://www.editpdfai.com/excel-to-pdf,YES,YES,NO,YES,YES,Offer;WebApplication,385,5,3,4
/export-pdf-comments,https://www.editpdfai.com/export-pdf-comments,Static,layout.tsx,Export PDF Comments Online - Download Annotations as CSV or JSON,64,"Extract PDF comments, highlights, notes, stamps, drawings, authors, dates, and replies into CSV or JSON locally in your browser.",128,1,https://www.editpdfai.com/export-pdf-comments,YES,YES,NO,YES,YES,BreadcrumbList;ListItem;Offer;SoftwareApplication,472,7,2,4
/export-pdf-form-data,https://www.editpdfai.com/export-pdf-form-data,Static,layout.tsx,Export PDF Form Data Online - Download CSV or JSON,50,"Read fillable PDF fields and export their values, types, flags, options, and page locations as CSV or JSON with private browser processing.",139,1,https://www.editpdfai.com/export-pdf-form-data,YES,YES,NO,YES,YES,BreadcrumbList;ListItem;Offer;SoftwareApplication,483,6,2,5
/extract-pages,https://www.editpdfai.com/extract-pages,Static,layout.tsx,Extract PDF Pages Online Free — Save Specific Pages as PDF,58,"Extract specific pages from a PDF online for free. Save selected pages as a new PDF document. Works instantly in your browser — no install, no signup.",150,1,https://www.editpdfai.com/extract-pages,YES,YES,NO,YES,YES,Offer;WebApplication,414,5,8,4
/extract-pdf-attachments,https://www.editpdfai.com/extract-pdf-attachments,Static,layout.tsx,Extract PDF Attachments Online - Download Embedded Files,56,"Find and download files embedded inside a PDF. Extract document attachments, associated files, and file annotations privately in your browser.",142,1,https://www.editpdfai.com/extract-pdf-attachments,YES,YES,NO,YES,YES,BreadcrumbList;ListItem;Offer;SoftwareApplication,455,6,2,4
/extract-pdf-bookmarks,https://www.editpdfai.com/extract-pdf-bookmarks,Static,layout.tsx,Extract PDF Bookmarks Online - Export Outline to CSV or JSON,60,"Read a PDF bookmark hierarchy, resolve page destinations, and export the document outline as CSV or JSON with private browser processing.",137,1,https://www.editpdfai.com/extract-pdf-bookmarks,YES,YES,NO,YES,YES,BreadcrumbList;ListItem;Offer;SoftwareApplication,463,6,1,4
/extract-pdf-images,https://www.editpdfai.com/extract-pdf-images,Static,layout.tsx,Extract Images from PDF Online - Download Embedded Pictures,59,Extract unique bitmap images from PDF pages as lossless PNG files. Preserve transparency and download images individually or as a ZIP.,134,1,https://www.editpdfai.com/extract-pdf-images,YES,YES,NO,YES,YES,BreadcrumbList;ListItem;Offer;SoftwareApplication,446,6,2,4
/extract-pdf-links,https://www.editpdfai.com/extract-pdf-links,Static,layout.tsx,Extract PDF Links Online - Export URLs and Page Destinations,60,"Find web, email, internal-page, external-PDF, and other clickable links in a PDF, then export a safe CSV or JSON audit locally.",127,1,https://www.editpdfai.com/extract-pdf-links,YES,YES,NO,YES,YES,BreadcrumbList;ListItem;Offer;SoftwareApplication,443,6,2,5
/guides,https://www.editpdfai.com/guides,Static,page.tsx (inline),PDF Guides & How-To Articles | EditPDF AI,41,"Practical PDF guides: how to edit, compress, sign, merge, redact, and make PDFs searchable — with step-by-step instructions and free tool links.",144,1,https://www.editpdfai.com/guides,YES,YES,NO,YES,YES,CollectionPage;ItemList;ListItem,,,,
/html-to-pdf,https://www.editpdfai.com/html-to-pdf,Static,layout.tsx,HTML to PDF Converter Online Free — Webpage to PDF,50,Convert HTML files or web pages to PDF online for free. Paste HTML code or a URL and download a perfectly rendered PDF. Supports CSS styling. No signup.,152,1,https://www.editpdfai.com/html-to-pdf,YES,YES,NO,YES,YES,Offer;WebApplication,389,5,2,4
/image-to-pdf,https://www.editpdfai.com/image-to-pdf,Static,layout.tsx,"Image to PDF Converter Online Free — JPG, PNG to PDF",52,"Convert JPG, PNG and WebP images to PDF online for free. Combine multiple images and adjust page size, orientation and margins. No signup required.",147,1,https://www.editpdfai.com/image-to-pdf,YES,YES,NO,YES,YES,Offer;WebApplication,444,5,3,6
/manage-subscription,https://www.editpdfai.com/manage-subscription,Static,layout.tsx,Manage Subscription — EditPDF AI,32,,0,1,,NO,NO,NO,NO,NO,,,,,
/mind-map,https://www.editpdfai.com/mind-map,Static,layout.tsx,AI Mind Map Generator from PDF — Visualise Any Document,55,"Generate an interactive mind map from any PDF with AI. Visualise reports, research papers, books and notes as a structured knowledge graph.",139,1,https://www.editpdfai.com/mind-map,YES,YES,NO,YES,YES,Offer;WebApplication,503,6,2,4
/odt-to-pdf,https://www.editpdfai.com/odt-to-pdf,Static,layout.tsx,ODT to PDF Converter Online Free — OpenDocument to PDF,54,"Convert ODT (OpenDocument Text) files to PDF online for free. Works with LibreOffice and OpenOffice documents. Fast, accurate and no signup required.",149,1,https://www.editpdfai.com/odt-to-pdf,YES,YES,NO,YES,YES,Offer;WebApplication,382,5,2,4
/,https://www.editpdfai.com,Static,layout.tsx,EditPDF AI — Edit smarter. Finish faster.,41,"Edit smarter. Finish faster. 50+ PDF and AI tools — edit, sign, OCR, translate, summarise and fill forms. Core tools need no account.",133,1,https://www.editpdfai.com/,YES,YES,NO,YES,YES,,,,,
/pdf-annotate,https://www.editpdfai.com/pdf-annotate,Static,layout.tsx,"Annotate PDF Online — Highlight, Comment & Draw",47,"Annotate PDFs online for free. Highlight text, add comments, draw shapes, insert sticky notes and add freehand markup directly in your browser.",143,1,https://www.editpdfai.com/pdf-annotate,YES,YES,NO,YES,YES,Offer;WebApplication,426,5,14,5
/pdf-bookmarks-manager,https://www.editpdfai.com/pdf-bookmarks-manager,Static,layout.tsx,"PDF Bookmarks Manager Online - Add, Edit and Remove Bookmarks",61,"Add, rename, nest, reorder, retarget, open, close, or delete PDF bookmarks and download a new PDF with private browser processing.",130,1,https://www.editpdfai.com/pdf-bookmarks-manager,YES,YES,NO,YES,YES,BreadcrumbList;ListItem;Offer;SoftwareApplication,481,6,2,4
/pdf-compare,https://www.editpdfai.com/pdf-compare,Static,layout.tsx,Compare PDF Files Online - Find Visual and Text Changes,55,"Compare two PDFs page by page to find visible, textual, page-size, and page-count changes. Free private browser processing with clear difference maps.",150,1,https://www.editpdfai.com/pdf-compare,YES,YES,NO,YES,YES,BreadcrumbList;ListItem;Offer;SoftwareApplication,412,5,1,4
/pdf-compressor,https://www.editpdfai.com/pdf-compressor,Static,layout.tsx,Compress PDF Online Free — Reduce PDF File Size,47,"Compress PDF files online for free. Reduce PDF size without losing quality. Shrink large PDFs for email, upload, or sharing in seconds.",135,1,https://www.editpdfai.com/pdf-compressor,YES,YES,NO,YES,YES,Offer;WebApplication,433,5,13,6
/pdf-cropper,https://www.editpdfai.com/pdf-cropper,Static,layout.tsx,Crop PDF Pages Online Free — Trim PDF Margins,45,"Crop PDF pages online for free. Trim margins, remove whitespace or select a specific area on one page or the entire document. No installation needed.",149,1,https://www.editpdfai.com/pdf-cropper,YES,YES,NO,YES,YES,Offer;WebApplication,457,5,2,4
/pdf-editor,https://www.editpdfai.com/pdf-editor,Static,layout.tsx,Edit a PDF Without Adobe Acrobat — Free Online PDF Editor,57,"Edit a PDF without installing Adobe Acrobat — add text, images, highlights, signatures and stamps in your browser. No signup, nothing uploaded.",143,1,https://www.editpdfai.com/pdf-editor,YES,YES,NO,YES,YES,Answer;BreadcrumbList;FAQPage;ListItem;Offer;Organization;Question;WebApplication,428,5,18,4
/pdf-flatten,https://www.editpdfai.com/pdf-flatten,Static,layout.tsx,Flatten PDF Online - Make Forms and Annotations Permanent,57,Flatten PDF form fields or bake every visible page element into a consistent copy. Free private browser processing with no file upload or account.,146,1,https://www.editpdfai.com/pdf-flatten,YES,YES,NO,YES,YES,BreadcrumbList;ListItem;Offer;WebApplication,418,5,3,4
/pdf-form-builder,https://www.editpdfai.com/pdf-form-builder,Static,layout.tsx,PDF Form Builder Online Free — Create Fillable PDF Forms,56,"Create fillable PDF forms online for free. Add text fields, checkboxes, dropdowns and signatures without installing specialist design software.",143,1,https://www.editpdfai.com/pdf-form-builder,YES,YES,NO,YES,YES,Offer;WebApplication,453,5,6,5
/pdf-merger,https://www.editpdfai.com/pdf-merger,Static,layout.tsx,Merge PDF Files Online Free — Combine PDFs in One Click,55,"Merge multiple PDF files into one document online for free. Drag, reorder and combine any number of PDFs. Fast, secure and no signup required.",142,1,https://www.editpdfai.com/pdf-merger,YES,YES,NO,YES,YES,Offer;WebApplication,409,5,9,5
/pdf-ocr,https://www.editpdfai.com/pdf-ocr,Static,layout.tsx,PDF OCR Online Free — Extract Text from Scanned PDF,51,"Convert scanned PDFs and images to searchable, editable text with AI OCR. Supports 100+ languages. Fast, accurate and free online — no install required.",152,1,https://www.editpdfai.com/pdf-ocr,YES,YES,NO,YES,YES,Offer;WebApplication,489,6,12,5
/pdf-page-labels,https://www.editpdfai.com/pdf-page-labels,Static,layout.tsx,"PDF Page Labels Online - Roman Numerals, Prefixes and Sections",62,"Add or edit PDF page labels with decimal numbers, Roman numerals, letters, prefixes, and section restarts using private browser processing.",139,1,https://www.editpdfai.com/pdf-page-labels,YES,YES,NO,YES,YES,BreadcrumbList;ListItem;Offer;SoftwareApplication,472,6,2,4
/pdf-page-manager,https://www.editpdfai.com/pdf-page-manager,Static,layout.tsx,"PDF Page Manager — Reorder, Delete & Add Pages",46,"Manage PDF pages online for free. Drag to reorder, delete unwanted pages, add blank pages and rotate individual pages. No software install required.",148,1,https://www.editpdfai.com/pdf-page-manager,YES,YES,NO,YES,YES,Offer;WebApplication,422,5,11,5
/pdf-password-lock,https://www.editpdfai.com/pdf-password-lock,Static,layout.tsx,PDF Password Lock — Password Protect PDF Free Online,52,"Add a password to any PDF instantly. Encrypt your PDF with AES-256 security in your browser — free, no upload, no account required.",131,1,https://www.editpdfai.com/pdf-password-lock,YES,YES,NO,YES,YES,BreadcrumbList;ListItem;Offer;WebApplication,470,5,3,4
/pdf-redactor,https://www.editpdfai.com/pdf-redactor,Static,layout.tsx,Redact PDF Online Free — Permanently Remove Sensitive Text,58,"Redact sensitive information from PDF files online for free. Permanently black out names, addresses, SSNs and confidential data. Secure, no server upload.",154,1,https://www.editpdfai.com/pdf-redactor,YES,YES,NO,YES,YES,Offer;WebApplication,441,5,5,5
/pdf-repair,https://www.editpdfai.com/pdf-repair,Static,layout.tsx,Repair PDF Online - Recover a Damaged PDF,41,"Repair recoverable PDF structure errors privately in your browser. Free local processing with no file upload, no account, and no change to the original file.",157,1,https://www.editpdfai.com/pdf-repair,YES,YES,NO,YES,YES,BreadcrumbList;ListItem;Offer;WebApplication,372,5,2,4
/pdf-signer,https://www.editpdfai.com/pdf-signer,Static,layout.tsx,Sign PDF Online Free — eSign Documents Instantly,48,"Sign PDFs online for free. Draw, type or upload your signature, place it anywhere in the document and download it instantly. No account required.",145,1,https://www.editpdfai.com/pdf-signer,YES,YES,NO,YES,YES,Offer;WebApplication,428,5,5,4
/pdf-splitter,https://www.editpdfai.com/pdf-splitter,Static,layout.tsx,Split PDF Online Free — Separate PDF Files by Range,51,Split a PDF into multiple files online for free. Separate every page or divide one PDF into custom page ranges directly in your browser.,136,1,https://www.editpdfai.com/pdf-splitter,YES,YES,NO,YES,YES,Offer;WebApplication,415,5,4,4
/pdf-summarizer,https://www.editpdfai.com/pdf-summarizer,Static,layout.tsx,AI PDF Summarizer Online Free — Summarize Any PDF Instantly,59,"Summarize any PDF document with AI in seconds. Get concise key points, chapter summaries and action items from long reports, research papers and contracts.",155,1,https://www.editpdfai.com/pdf-summarizer,YES,YES,NO,YES,YES,Offer;WebApplication,534,6,8,5
/pdf-to-excel,https://www.editpdfai.com/pdf-to-excel,Static,layout.tsx,PDF to Excel Converter Online Free — PDF to XLSX,48,Convert PDF tables into editable Excel XLSX spreadsheets online. Extract accurate rows and columns with AI-powered conversion. No signup required.,146,1,https://www.editpdfai.com/pdf-to-excel,YES,YES,NO,YES,YES,Offer;WebApplication,415,5,2,4
/pdf-to-images,https://www.editpdfai.com/pdf-to-images,Static,layout.tsx,"PDF to Image Converter Online Free — PDF to JPG, PNG",52,"Convert PDF pages to high-quality JPG or PNG images online for free. Extract every page as an image or choose specific pages. No signup, works in browser.",154,1,https://www.editpdfai.com/pdf-to-images,YES,YES,NO,YES,YES,Offer;WebApplication,427,5,5,5
/pdf-to-ppt,https://www.editpdfai.com/pdf-to-ppt,Static,layout.tsx,PDF to PowerPoint Converter Online Free — PDF to PPTX,53,"Convert PDFs into editable PowerPoint presentations online. Turn each PDF page into a PPTX slide while preserving text, images and layout.",138,1,https://www.editpdfai.com/pdf-to-ppt,YES,YES,NO,YES,YES,Offer;WebApplication,449,5,2,4
/pdf-to-word,https://www.editpdfai.com/pdf-to-word,Static,layout.tsx,PDF to Word Converter Online Free — PDF to DOCX,47,"Convert PDFs into editable Word DOCX documents online. Preserve text, tables and layout with fast AI-powered conversion. No signup required.",140,1,https://www.editpdfai.com/pdf-to-word,YES,YES,NO,YES,YES,Offer;WebApplication,429,5,5,4
/pdf-translator,https://www.editpdfai.com/pdf-translator,Static,layout.tsx,AI PDF Translator — Translate PDFs Online,41,"Translate PDF documents into 77 languages with AI. Translate contracts, reports and forms in seconds, then download the result online.",134,1,https://www.editpdfai.com/pdf-translator,YES,YES,NO,YES,YES,Offer;WebApplication,467,6,2,5
/pdf-unlock,https://www.editpdfai.com/pdf-unlock,Static,layout.tsx,Unlock PDF Online - Remove a Known PDF Password,47,"Remove password protection from a PDF you own. Free, private browser processing with no file upload, no account, and no loss of quality.",136,1,https://www.editpdfai.com/pdf-unlock,YES,YES,NO,YES,YES,BreadcrumbList;ListItem;Offer;WebApplication,390,5,11,5
/pdf-viewer,https://www.editpdfai.com/pdf-viewer,Static,layout.tsx,PDF Viewer Online Free — Open & Read PDF in Browser,51,"View PDF files online for free. Open, zoom, search and navigate any PDF in your browser. Fast, secure and works without any software installation.",146,1,https://www.editpdfai.com/pdf-viewer,YES,YES,NO,YES,YES,Offer;WebApplication,425,5,8,4
/pdf-watermark,https://www.editpdfai.com/pdf-watermark,Static,layout.tsx,Add a Watermark to PDF Online Free,34,"Add text or image watermarks to PDFs online. Control the position, opacity, angle, font size and color. Free, with no signup or installation.",141,1,https://www.editpdfai.com/pdf-watermark,YES,YES,NO,YES,YES,Answer;FAQPage;Offer;Question;WebApplication,405,5,2,4
/ppt-to-pdf,https://www.editpdfai.com/ppt-to-pdf,Static,layout.tsx,PowerPoint to PDF Converter Online Free — PPTX to PDF,53,"Convert PowerPoint presentations to PDF online for free. Upload PPTX or PPT and get a perfect PDF with all slides. Preserves fonts, images and animations.",154,1,https://www.editpdfai.com/ppt-to-pdf,YES,YES,NO,YES,YES,Offer;WebApplication,406,5,3,4
/pricing,https://www.editpdfai.com/pricing,Static,layout.tsx,Pricing & Plans | EditPDF AI,28,"Compare EditPDF AI Free and Pro plans. Get unlimited AI form filling, OCR, translation, mind maps and quiz creation. Cancel Pro anytime.",136,1,https://www.editpdfai.com/pricing,YES,YES,NO,YES,YES,Answer;Brand;FAQPage;Offer;Product;Question,,,,
/privacy,https://www.editpdfai.com/privacy,Static,layout.tsx,Privacy Policy | EditPDF AI,27,"Read the EditPDF AI privacy policy. Learn how we handle your data, what we collect, and your rights under GDPR and CCPA.",120,1,https://www.editpdfai.com/privacy,YES,YES,NO,YES,YES,,,,,
/quiz-creator,https://www.editpdfai.com/quiz-creator,Static,layout.tsx,AI Quiz Creator from PDF — Generate Quizzes Instantly,53,"Create quizzes and flashcards from PDFs with AI. Generate multiple-choice, true-or-false and open-ended questions from your study materials.",140,1,https://www.editpdfai.com/quiz-creator,YES,YES,NO,YES,YES,Offer;WebApplication,493,6,2,4
/remove-pdf-links,https://www.editpdfai.com/remove-pdf-links,Static,layout.tsx,Remove Links from PDF Online - Disable All Clickable Links,58,"Remove web, email, page, file, form, and JavaScript link annotations from a PDF locally while preserving visible page content.",126,1,https://www.editpdfai.com/remove-pdf-links,YES,YES,NO,YES,YES,BreadcrumbList;ListItem;Offer;SoftwareApplication,461,7,2,4
/remove-pdf-metadata,https://www.editpdfai.com/remove-pdf-metadata,Static,layout.tsx,Remove PDF Metadata Online - Clean Hidden Document Properties,61,"Remove PDF properties, XMP packets, document IDs, page metadata, and optional annotation identity data privately in your browser.",129,1,https://www.editpdfai.com/remove-pdf-metadata,YES,YES,NO,YES,YES,BreadcrumbList;ListItem;Offer;SoftwareApplication,454,6,3,4
/rotate-pdf,https://www.editpdfai.com/rotate-pdf,Static,layout.tsx,Rotate PDF Online Free — Rotate Pages in Seconds,48,"Rotate PDF pages online for free. Rotate a single page, all pages, or a custom range — 90°, 180° or 270°. Works in your browser, no install needed.",147,1,https://www.editpdfai.com/rotate-pdf,YES,YES,NO,YES,YES,Offer;WebApplication,397,5,3,4
/rtf-to-pdf,https://www.editpdfai.com/rtf-to-pdf,Static,layout.tsx,RTF to PDF Converter Online Free — Rich Text to PDF,51,"Convert RTF (Rich Text Format) files to PDF online for free. Preserves bold, italic, fonts and formatting. Fast, secure and no signup required.",143,1,https://www.editpdfai.com/rtf-to-pdf,YES,YES,NO,YES,YES,Offer;WebApplication,397,5,2,4
/scan-to-pdf,https://www.editpdfai.com/scan-to-pdf,Static,layout.tsx,Scan to PDF Online Free — Camera Document Scanner,49,"Turn your camera into a document scanner. Auto-detect edges, fix perspective, and export a clean multi-page PDF. Free, no signup, runs in your browser.",151,1,https://www.editpdfai.com/scan-to-pdf,YES,YES,NO,YES,YES,Offer;WebApplication,454,6,4,4
/support,https://www.editpdfai.com/support,Static,layout.tsx,Help & Support | EditPDF AI,27,"Find answers to common questions about EditPDF AI tools, billing, and account management. Contact support if you need further help.",131,1,https://www.editpdfai.com/support,YES,YES,NO,YES,YES,,,,,
/terms,https://www.editpdfai.com/terms,Static,layout.tsx,Terms of Service | EditPDF AI,29,"Read the EditPDF AI terms of service. Understand the conditions of use for our PDF editing, conversion, and AI tools.",117,1,https://www.editpdfai.com/terms,YES,YES,NO,YES,YES,,,,,
/txt-to-pdf,https://www.editpdfai.com/txt-to-pdf,Static,layout.tsx,TXT to PDF Converter Online Free — Text File to PDF,51,"Convert plain text TXT files to PDF online for free. Choose font, size and margins. Download a clean, formatted PDF in seconds. No signup required.",147,1,https://www.editpdfai.com/txt-to-pdf,YES,YES,NO,YES,YES,Offer;WebApplication,383,5,1,5
/word-to-pdf,https://www.editpdfai.com/word-to-pdf,Static,layout.tsx,Word to PDF Converter Online Free — DOCX to PDF,47,"Convert Word documents to PDF online for free. Upload DOCX or DOC files and get a perfect PDF instantly. Preserves fonts, formatting and images. No signup.",155,1,https://www.editpdfai.com/word-to-pdf,YES,YES,NO,YES,YES,Offer;WebApplication,409,5,7,5
/guides/how-to-edit-a-pdf-without-adobe,https://www.editpdfai.com/guides/how-to-edit-a-pdf-without-adobe,SSG,guides/[slug]/page.tsx generateMetadata(),How to Edit a PDF Without Adobe Acrobat — Free & Online,55,,,1,https://www.editpdfai.com/guides/how-to-edit-a-pdf-without-adobe,YES,YES,NO,YES,YES,Article;BreadcrumbList;ImageObject;Organization,,,,
/guides/how-to-reduce-pdf-file-size,https://www.editpdfai.com/guides/how-to-reduce-pdf-file-size,SSG,guides/[slug]/page.tsx generateMetadata(),How to Reduce PDF File Size Without Losing Quality,50,,,1,https://www.editpdfai.com/guides/how-to-reduce-pdf-file-size,YES,YES,NO,YES,YES,Article;BreadcrumbList;ImageObject;Organization,,,,
/guides/how-to-fill-out-a-pdf-form-automatically,https://www.editpdfai.com/guides/how-to-fill-out-a-pdf-form-automatically,SSG,guides/[slug]/page.tsx generateMetadata(),How to Auto-Fill a PDF Form with AI — No Typing Required,56,,,1,https://www.editpdfai.com/guides/how-to-fill-out-a-pdf-form-automatically,YES,YES,NO,YES,YES,Article;BreadcrumbList;ImageObject;Organization,,,,
/guides/how-to-sign-a-pdf-online,https://www.editpdfai.com/guides/how-to-sign-a-pdf-online,SSG,guides/[slug]/page.tsx generateMetadata(),"How to Sign a PDF Online Free — No Adobe, No Printing",53,,,1,https://www.editpdfai.com/guides/how-to-sign-a-pdf-online,YES,YES,NO,YES,YES,Article;BreadcrumbList;ImageObject;Organization,,,,
/guides/how-to-make-a-scanned-pdf-searchable,https://www.editpdfai.com/guides/how-to-make-a-scanned-pdf-searchable,SSG,guides/[slug]/page.tsx generateMetadata(),How to Make a Scanned PDF Searchable with OCR,45,,,1,https://www.editpdfai.com/guides/how-to-make-a-scanned-pdf-searchable,YES,YES,NO,YES,YES,Article;BreadcrumbList;ImageObject;Organization,,,,
/guides/pdf-vs-word-which-format-to-use,https://www.editpdfai.com/guides/pdf-vs-word-which-format-to-use,SSG,guides/[slug]/page.tsx generateMetadata(),PDF vs Word: Which Format to Use and When,41,,,1,https://www.editpdfai.com/guides/pdf-vs-word-which-format-to-use,YES,YES,NO,YES,YES,Article;BreadcrumbList;ImageObject;Organization,,,,
/guides/how-to-merge-pdf-files,https://www.editpdfai.com/guides/how-to-merge-pdf-files,SSG,guides/[slug]/page.tsx generateMetadata(),"How to Merge PDF Files on Mac, Windows and Mobile — Free",56,,,1,https://www.editpdfai.com/guides/how-to-merge-pdf-files,YES,YES,NO,YES,YES,Article;BreadcrumbList;ImageObject;Organization,,,,
/guides/how-to-redact-sensitive-information-from-a-pdf,https://www.editpdfai.com/guides/how-to-redact-sensitive-information-from-a-pdf,SSG,guides/[slug]/page.tsx generateMetadata(),How to Permanently Redact Sensitive Information from a PDF,58,,,1,https://www.editpdfai.com/guides/how-to-redact-sensitive-information-from-a-pdf,YES,YES,NO,YES,YES,Article;BreadcrumbList;ImageObject;Organization,,,,
